-- MySQL dump 10.13  Distrib 5.7.22, for Linux (x86_64)
--
-- Host: localhost    Database: appbuilder_mytest
-- ------------------------------------------------------
-- Server version	5.7.22-0ubuntu0.17.10.1

/*!40101 SET @OLD_CHARACTER_SET_CLIENT=@@CHARACTER_SET_CLIENT */;
/*!40101 SET @OLD_CHARACTER_SET_RESULTS=@@CHARACTER_SET_RESULTS */;
/*!40101 SET @OLD_COLLATION_CONNECTION=@@COLLATION_CONNECTION */;
/*!40101 SET NAMES utf8 */;
/*!40103 SET @OLD_TIME_ZONE=@@TIME_ZONE */;
/*!40103 SET TIME_ZONE='+00:00' */;
/*!40014 SET @OLD_UNIQUE_CHECKS=@@UNIQUE_CHECKS, UNIQUE_CHECKS=0 */;
/*!40014 SET @OLD_FOREIGN_KEY_CHECKS=@@FOREIGN_KEY_CHECKS, FOREIGN_KEY_CHECKS=0 */;
/*!40101 SET @OLD_SQL_MODE=@@SQL_MODE, SQL_MODE='NO_AUTO_VALUE_ON_ZERO' */;
/*!40111 SET @OLD_SQL_NOTES=@@SQL_NOTES, SQL_NOTES=0 */;

--
-- Table structure for table `Settings`
--

DROP TABLE IF EXISTS `Settings`;
/*!40101 SET @saved_cs_client     = @@character_set_client */;
/*!40101 SET character_set_client = utf8 */;
CREATE TABLE `Settings` (
  `id` int(10) unsigned NOT NULL AUTO_INCREMENT,
  `registration` varchar(255) COLLATE utf8mb4_unicode_ci NOT NULL,
  `crudbuilder` varchar(255) COLLATE utf8mb4_unicode_ci NOT NULL,
  `filemanager` varchar(255) COLLATE utf8mb4_unicode_ci NOT NULL,
  `created_at` timestamp NULL DEFAULT NULL,
  `updated_at` timestamp NULL DEFAULT NULL,
  PRIMARY KEY (`id`)
) ENGINE=InnoDB AUTO_INCREMENT=2 DEFAULT CHARSET=utf8mb4 COLLATE=utf8mb4_unicode_ci;
/*!40101 SET character_set_client = @saved_cs_client */;

--
-- Dumping data for table `Settings`
--

LOCK TABLES `Settings` WRITE;
/*!40000 ALTER TABLE `Settings` DISABLE KEYS */;
INSERT INTO `Settings` VALUES (1,'1','1','1',NULL,NULL);
/*!40000 ALTER TABLE `Settings` ENABLE KEYS */;
UNLOCK TABLES;

--
-- Table structure for table `Widgets`
--

DROP TABLE IF EXISTS `Widgets`;
/*!40101 SET @saved_cs_client     = @@character_set_client */;
/*!40101 SET character_set_client = utf8 */;
CREATE TABLE `Widgets` (
  `id` int(10) unsigned NOT NULL AUTO_INCREMENT,
  `type` varchar(191) COLLATE utf8mb4_unicode_ci NOT NULL,
  `icon` varchar(191) COLLATE utf8mb4_unicode_ci NOT NULL,
  `title` varchar(191) COLLATE utf8mb4_unicode_ci NOT NULL,
  `tablefield` varchar(191) COLLATE utf8mb4_unicode_ci NOT NULL,
  `created_at` timestamp NULL DEFAULT NULL,
  `updated_at` timestamp NULL DEFAULT NULL,
  `deleted_at` timestamp NULL DEFAULT NULL,
  PRIMARY KEY (`id`)
) ENGINE=InnoDB DEFAULT CHARSET=utf8mb4 COLLATE=utf8mb4_unicode_ci;
/*!40101 SET character_set_client = @saved_cs_client */;

--
-- Dumping data for table `Widgets`
--

LOCK TABLES `Widgets` WRITE;
/*!40000 ALTER TABLE `Widgets` DISABLE KEYS */;
/*!40000 ALTER TABLE `Widgets` ENABLE KEYS */;
UNLOCK TABLES;

--
-- Table structure for table `api_documentation`
--

DROP TABLE IF EXISTS `api_documentation`;
/*!40101 SET @saved_cs_client     = @@character_set_client */;
/*!40101 SET character_set_client = utf8 */;
CREATE TABLE `api_documentation` (
  `id` int(10) unsigned NOT NULL AUTO_INCREMENT,
  `method_type` varchar(191) COLLATE utf8mb4_unicode_ci NOT NULL,
  `url` varchar(191) COLLATE utf8mb4_unicode_ci NOT NULL,
  `parameters` varchar(191) COLLATE utf8mb4_unicode_ci NOT NULL,
  `description` text COLLATE utf8mb4_unicode_ci NOT NULL,
  `created_at` timestamp NULL DEFAULT NULL,
  `updated_at` timestamp NULL DEFAULT NULL,
  PRIMARY KEY (`id`)
) ENGINE=InnoDB DEFAULT CHARSET=utf8mb4 COLLATE=utf8mb4_unicode_ci;
/*!40101 SET character_set_client = @saved_cs_client */;

--
-- Dumping data for table `api_documentation`
--

LOCK TABLES `api_documentation` WRITE;
/*!40000 ALTER TABLE `api_documentation` DISABLE KEYS */;
/*!40000 ALTER TABLE `api_documentation` ENABLE KEYS */;
UNLOCK TABLES;

--
-- Table structure for table `fields`
--

DROP TABLE IF EXISTS `fields`;
/*!40101 SET @saved_cs_client     = @@character_set_client */;
/*!40101 SET character_set_client = utf8 */;
CREATE TABLE `fields` (
  `id` int(10) unsigned NOT NULL AUTO_INCREMENT,
  `field_name` varchar(191) COLLATE utf8mb4_unicode_ci NOT NULL,
  `field_text` varchar(191) COLLATE utf8mb4_unicode_ci NOT NULL,
  `status` tinyint(4) NOT NULL,
  `created_at` timestamp NULL DEFAULT NULL,
  `updated_at` timestamp NULL DEFAULT NULL,
  `deleted_at` timestamp NOT NULL DEFAULT CURRENT_TIMESTAMP,
  PRIMARY KEY (`id`)
) ENGINE=InnoDB AUTO_INCREMENT=15 DEFAULT CHARSET=utf8mb4 COLLATE=utf8mb4_unicode_ci;
/*!40101 SET character_set_client = @saved_cs_client */;

--
-- Dumping data for table `fields`
--

LOCK TABLES `fields` WRITE;
/*!40000 ALTER TABLE `fields` DISABLE KEYS */;
INSERT INTO `fields` VALUES (1,'integer','Number',1,NULL,NULL,'2019-08-13 12:32:41'),(2,'biginteger','Big Number',1,NULL,NULL,'2019-08-13 12:32:41'),(3,'float','Decimal Number',1,NULL,NULL,'2019-08-13 12:32:41'),(4,'boolean','Yes,No',0,NULL,NULL,'2019-08-13 12:32:41'),(5,'date','Date Picker',1,NULL,NULL,'2019-08-13 12:32:41'),(6,'datetime','DateTime Picker',1,NULL,NULL,'2019-08-13 12:32:41'),(7,'string','Text',1,NULL,NULL,'2019-08-13 12:32:41'),(8,'text','Text Editor (CK Editor)',1,NULL,NULL,'2019-08-13 12:32:41'),(9,'image','Image',1,NULL,NULL,'2019-08-13 12:32:41'),(10,'attachment','Attachment',1,NULL,NULL,'2019-08-13 12:32:41'),(11,'one_to_one_relation','One to One relation',1,NULL,NULL,'2019-08-13 12:32:41'),(12,'one_to_many_relation','One To Many Relation',0,NULL,NULL,'2019-08-13 12:32:41'),(13,'select','select',1,NULL,NULL,'2019-08-13 12:32:41'),(14,'radio','radio',1,NULL,NULL,'2019-08-13 12:32:41');
/*!40000 ALTER TABLE `fields` ENABLE KEYS */;
UNLOCK TABLES;

--
-- Table structure for table `menus`
--

DROP TABLE IF EXISTS `menus`;
/*!40101 SET @saved_cs_client     = @@character_set_client */;
/*!40101 SET character_set_client = utf8 */;
CREATE TABLE `menus` (
  `id` int(10) unsigned NOT NULL AUTO_INCREMENT,
  `name` varchar(50) COLLATE utf8mb4_unicode_ci NOT NULL,
  `permission_name` varchar(255) COLLATE utf8mb4_unicode_ci NOT NULL,
  `url` varchar(256) COLLATE utf8mb4_unicode_ci NOT NULL,
  `icon` varchar(50) COLLATE utf8mb4_unicode_ci NOT NULL DEFAULT 'fa-cube',
  `type` varchar(20) COLLATE utf8mb4_unicode_ci NOT NULL DEFAULT 'module',
  `parent` int(10) unsigned NOT NULL DEFAULT '0',
  `hierarchy` int(10) unsigned NOT NULL DEFAULT '0',
  `module_id` int(10) unsigned NOT NULL,
  `created_at` timestamp NULL DEFAULT NULL,
  `updated_at` timestamp NULL DEFAULT NULL,
  PRIMARY KEY (`id`)
) ENGINE=InnoDB DEFAULT CHARSET=utf8mb4 COLLATE=utf8mb4_unicode_ci;
/*!40101 SET character_set_client = @saved_cs_client */;

--
-- Dumping data for table `menus`
--

LOCK TABLES `menus` WRITE;
/*!40000 ALTER TABLE `menus` DISABLE KEYS */;
/*!40000 ALTER TABLE `menus` ENABLE KEYS */;
UNLOCK TABLES;

--
-- Table structure for table `migrations`
--

DROP TABLE IF EXISTS `migrations`;
/*!40101 SET @saved_cs_client     = @@character_set_client */;
/*!40101 SET character_set_client = utf8 */;
CREATE TABLE `migrations` (
  `id` int(10) unsigned NOT NULL AUTO_INCREMENT,
  `migration` varchar(191) COLLATE utf8mb4_unicode_ci NOT NULL,
  `batch` int(11) NOT NULL,
  PRIMARY KEY (`id`)
) ENGINE=InnoDB AUTO_INCREMENT=16 DEFAULT CHARSET=utf8mb4 COLLATE=utf8mb4_unicode_ci;
/*!40101 SET character_set_client = @saved_cs_client */;

--
-- Dumping data for table `migrations`
--

LOCK TABLES `migrations` WRITE;
/*!40000 ALTER TABLE `migrations` DISABLE KEYS */;
INSERT INTO `migrations` VALUES (1,'2014_10_12_000000_create_users_table',1),(2,'2014_10_12_100000_create_password_resets_table',1),(3,'2016_07_07_134058_create_menus_table',1),(4,'2017_03_29_045848_fields',1),(5,'2017_03_31_112807_modules',1),(6,'2017_03_31_112949_module_fields',1),(7,'2018_07_16_112554_entrust_setup_tables',1),(8,'2018_07_16_115326_settings_table',1),(9,'2019_05_17_145014_create_api_documentation_table',1),(10,'2019_07_11_000530_Widgets',1),(11,'2016_06_01_000001_create_oauth_auth_codes_table',2),(12,'2016_06_01_000002_create_oauth_access_tokens_table',2),(13,'2016_06_01_000003_create_oauth_refresh_tokens_table',2),(14,'2016_06_01_000004_create_oauth_clients_table',2),(15,'2016_06_01_000005_create_oauth_personal_access_clients_table',2);
/*!40000 ALTER TABLE `migrations` ENABLE KEYS */;
UNLOCK TABLES;

--
-- Table structure for table `module_fields`
--

DROP TABLE IF EXISTS `module_fields`;
/*!40101 SET @saved_cs_client     = @@character_set_client */;
/*!40101 SET character_set_client = utf8 */;
CREATE TABLE `module_fields` (
  `id` int(10) unsigned NOT NULL AUTO_INCREMENT,
  `field_name` varchar(191) COLLATE utf8mb4_unicode_ci NOT NULL,
  `field_label` varchar(191) COLLATE utf8mb4_unicode_ci NOT NULL,
  `field_type` int(11) NOT NULL,
  `field_length` int(11) NOT NULL,
  `field_options` text COLLATE utf8mb4_unicode_ci NOT NULL,
  `related_table` varchar(191) COLLATE utf8mb4_unicode_ci NOT NULL,
  `related_table_field` varchar(191) COLLATE utf8mb4_unicode_ci NOT NULL,
  `related_table_field_display` varchar(191) COLLATE utf8mb4_unicode_ci NOT NULL,
  `validation_rules` text COLLATE utf8mb4_unicode_ci NOT NULL,
  `show_in_list` tinyint(4) NOT NULL,
  `module_id` int(11) NOT NULL,
  `created_at` timestamp NULL DEFAULT NULL,
  `updated_at` timestamp NULL DEFAULT NULL,
  `deleted_at` timestamp NOT NULL DEFAULT CURRENT_TIMESTAMP,
  PRIMARY KEY (`id`)
) ENGINE=InnoDB DEFAULT CHARSET=utf8mb4 COLLATE=utf8mb4_unicode_ci;
/*!40101 SET character_set_client = @saved_cs_client */;

--
-- Dumping data for table `module_fields`
--

LOCK TABLES `module_fields` WRITE;
/*!40000 ALTER TABLE `module_fields` DISABLE KEYS */;
/*!40000 ALTER TABLE `module_fields` ENABLE KEYS */;
UNLOCK TABLES;

--
-- Table structure for table `modules`
--

DROP TABLE IF EXISTS `modules`;
/*!40101 SET @saved_cs_client     = @@character_set_client */;
/*!40101 SET character_set_client = utf8 */;
CREATE TABLE `modules` (
  `id` int(10) unsigned NOT NULL AUTO_INCREMENT,
  `module_name` varchar(191) COLLATE utf8mb4_unicode_ci NOT NULL,
  `module_icon` varchar(191) COLLATE utf8mb4_unicode_ci NOT NULL,
  `module_table_name` varchar(191) COLLATE utf8mb4_unicode_ci NOT NULL,
  `status` int(11) NOT NULL,
  `created_at` timestamp NULL DEFAULT NULL,
  `updated_at` timestamp NULL DEFAULT NULL,
  `deleted_at` timestamp NOT NULL DEFAULT CURRENT_TIMESTAMP,
  PRIMARY KEY (`id`)
) ENGINE=InnoDB DEFAULT CHARSET=utf8mb4 COLLATE=utf8mb4_unicode_ci;
/*!40101 SET character_set_client = @saved_cs_client */;

--
-- Dumping data for table `modules`
--

LOCK TABLES `modules` WRITE;
/*!40000 ALTER TABLE `modules` DISABLE KEYS */;
/*!40000 ALTER TABLE `modules` ENABLE KEYS */;
UNLOCK TABLES;

--
-- Table structure for table `oauth_access_tokens`
--

DROP TABLE IF EXISTS `oauth_access_tokens`;
/*!40101 SET @saved_cs_client     = @@character_set_client */;
/*!40101 SET character_set_client = utf8 */;
CREATE TABLE `oauth_access_tokens` (
  `id` varchar(100) COLLATE utf8mb4_unicode_ci NOT NULL,
  `user_id` int(11) DEFAULT NULL,
  `client_id` int(10) unsigned NOT NULL,
  `name` varchar(191) COLLATE utf8mb4_unicode_ci DEFAULT NULL,
  `scopes` text COLLATE utf8mb4_unicode_ci,
  `revoked` tinyint(1) NOT NULL,
  `created_at` timestamp NULL DEFAULT NULL,
  `updated_at` timestamp NULL DEFAULT NULL,
  `expires_at` datetime DEFAULT NULL,
  PRIMARY KEY (`id`),
  KEY `oauth_access_tokens_user_id_index` (`user_id`)
) ENGINE=InnoDB DEFAULT CHARSET=utf8mb4 COLLATE=utf8mb4_unicode_ci;
/*!40101 SET character_set_client = @saved_cs_client */;

--
-- Dumping data for table `oauth_access_tokens`
--

LOCK TABLES `oauth_access_tokens` WRITE;
/*!40000 ALTER TABLE `oauth_access_tokens` DISABLE KEYS */;
/*!40000 ALTER TABLE `oauth_access_tokens` ENABLE KEYS */;
UNLOCK TABLES;

--
-- Table structure for table `oauth_auth_codes`
--

DROP TABLE IF EXISTS `oauth_auth_codes`;
/*!40101 SET @saved_cs_client     = @@character_set_client */;
/*!40101 SET character_set_client = utf8 */;
CREATE TABLE `oauth_auth_codes` (
  `id` varchar(100) COLLATE utf8mb4_unicode_ci NOT NULL,
  `user_id` int(11) NOT NULL,
  `client_id` int(10) unsigned NOT NULL,
  `scopes` text COLLATE utf8mb4_unicode_ci,
  `revoked` tinyint(1) NOT NULL,
  `expires_at` datetime DEFAULT NULL,
  PRIMARY KEY (`id`)
) ENGINE=InnoDB DEFAULT CHARSET=utf8mb4 COLLATE=utf8mb4_unicode_ci;
/*!40101 SET character_set_client = @saved_cs_client */;

--
-- Dumping data for table `oauth_auth_codes`
--

LOCK TABLES `oauth_auth_codes` WRITE;
/*!40000 ALTER TABLE `oauth_auth_codes` DISABLE KEYS */;
/*!40000 ALTER TABLE `oauth_auth_codes` ENABLE KEYS */;
UNLOCK TABLES;

--
-- Table structure for table `oauth_clients`
--

DROP TABLE IF EXISTS `oauth_clients`;
/*!40101 SET @saved_cs_client     = @@character_set_client */;
/*!40101 SET character_set_client = utf8 */;
CREATE TABLE `oauth_clients` (
  `id` int(10) unsigned NOT NULL AUTO_INCREMENT,
  `user_id` int(11) DEFAULT NULL,
  `name` varchar(191) COLLATE utf8mb4_unicode_ci NOT NULL,
  `secret` varchar(100) COLLATE utf8mb4_unicode_ci NOT NULL,
  `redirect` text COLLATE utf8mb4_unicode_ci NOT NULL,
  `personal_access_client` tinyint(1) NOT NULL,
  `password_client` tinyint(1) NOT NULL,
  `revoked` tinyint(1) NOT NULL,
  `created_at` timestamp NULL DEFAULT NULL,
  `updated_at` timestamp NULL DEFAULT NULL,
  PRIMARY KEY (`id`),
  KEY `oauth_clients_user_id_index` (`user_id`)
) ENGINE=InnoDB DEFAULT CHARSET=utf8mb4 COLLATE=utf8mb4_unicode_ci;
/*!40101 SET character_set_client = @saved_cs_client */;

--
-- Dumping data for table `oauth_clients`
--

LOCK TABLES `oauth_clients` WRITE;
/*!40000 ALTER TABLE `oauth_clients` DISABLE KEYS */;
/*!40000 ALTER TABLE `oauth_clients` ENABLE KEYS */;
UNLOCK TABLES;

--
-- Table structure for table `oauth_personal_access_clients`
--

DROP TABLE IF EXISTS `oauth_personal_access_clients`;
/*!40101 SET @saved_cs_client     = @@character_set_client */;
/*!40101 SET character_set_client = utf8 */;
CREATE TABLE `oauth_personal_access_clients` (
  `id` int(10) unsigned NOT NULL AUTO_INCREMENT,
  `client_id` int(10) unsigned NOT NULL,
  `created_at` timestamp NULL DEFAULT NULL,
  `updated_at` timestamp NULL DEFAULT NULL,
  PRIMARY KEY (`id`),
  KEY `oauth_personal_access_clients_client_id_index` (`client_id`)
) ENGINE=InnoDB DEFAULT CHARSET=utf8mb4 COLLATE=utf8mb4_unicode_ci;
/*!40101 SET character_set_client = @saved_cs_client */;

--
-- Dumping data for table `oauth_personal_access_clients`
--

LOCK TABLES `oauth_personal_access_clients` WRITE;
/*!40000 ALTER TABLE `oauth_personal_access_clients` DISABLE KEYS */;
/*!40000 ALTER TABLE `oauth_personal_access_clients` ENABLE KEYS */;
UNLOCK TABLES;

--
-- Table structure for table `oauth_refresh_tokens`
--

DROP TABLE IF EXISTS `oauth_refresh_tokens`;
/*!40101 SET @saved_cs_client     = @@character_set_client */;
/*!40101 SET character_set_client = utf8 */;
CREATE TABLE `oauth_refresh_tokens` (
  `id` varchar(100) COLLATE utf8mb4_unicode_ci NOT NULL,
  `access_token_id` varchar(100) COLLATE utf8mb4_unicode_ci NOT NULL,
  `revoked` tinyint(1) NOT NULL,
  `expires_at` datetime DEFAULT NULL,
  PRIMARY KEY (`id`),
  KEY `oauth_refresh_tokens_access_token_id_index` (`access_token_id`)
) ENGINE=InnoDB DEFAULT CHARSET=utf8mb4 COLLATE=utf8mb4_unicode_ci;
/*!40101 SET character_set_client = @saved_cs_client */;

--
-- Dumping data for table `oauth_refresh_tokens`
--

LOCK TABLES `oauth_refresh_tokens` WRITE;
/*!40000 ALTER TABLE `oauth_refresh_tokens` DISABLE KEYS */;
/*!40000 ALTER TABLE `oauth_refresh_tokens` ENABLE KEYS */;
UNLOCK TABLES;

--
-- Table structure for table `password_resets`
--

DROP TABLE IF EXISTS `password_resets`;
/*!40101 SET @saved_cs_client     = @@character_set_client */;
/*!40101 SET character_set_client = utf8 */;
CREATE TABLE `password_resets` (
  `email` varchar(191) COLLATE utf8mb4_unicode_ci NOT NULL,
  `token` varchar(191) COLLATE utf8mb4_unicode_ci NOT NULL,
  `created_at` timestamp NULL DEFAULT NULL,
  KEY `password_resets_email_index` (`email`)
) ENGINE=InnoDB DEFAULT CHARSET=utf8mb4 COLLATE=utf8mb4_unicode_ci;
/*!40101 SET character_set_client = @saved_cs_client */;

--
-- Dumping data for table `password_resets`
--

LOCK TABLES `password_resets` WRITE;
/*!40000 ALTER TABLE `password_resets` DISABLE KEYS */;
/*!40000 ALTER TABLE `password_resets` ENABLE KEYS */;
UNLOCK TABLES;

--
-- Table structure for table `permission_role`
--

DROP TABLE IF EXISTS `permission_role`;
/*!40101 SET @saved_cs_client     = @@character_set_client */;
/*!40101 SET character_set_client = utf8 */;
CREATE TABLE `permission_role` (
  `permission_id` int(10) unsigned NOT NULL,
  `role_id` int(10) unsigned NOT NULL,
  PRIMARY KEY (`permission_id`,`role_id`),
  KEY `permission_role_role_id_foreign` (`role_id`),
  CONSTRAINT `permission_role_permission_id_foreign` FOREIGN KEY (`permission_id`) REFERENCES `permissions` (`id`) ON DELETE CASCADE ON UPDATE CASCADE,
  CONSTRAINT `permission_role_role_id_foreign` FOREIGN KEY (`role_id`) REFERENCES `roles` (`id`) ON DELETE CASCADE ON UPDATE CASCADE
) ENGINE=InnoDB DEFAULT CHARSET=utf8mb4 COLLATE=utf8mb4_unicode_ci;
/*!40101 SET character_set_client = @saved_cs_client */;

--
-- Dumping data for table `permission_role`
--

LOCK TABLES `permission_role` WRITE;
/*!40000 ALTER TABLE `permission_role` DISABLE KEYS */;
INSERT INTO `permission_role` VALUES (1,1),(2,1),(3,1),(4,1),(5,1),(6,1),(7,1),(8,1),(9,1),(10,1),(11,1),(7,2),(8,2);
/*!40000 ALTER TABLE `permission_role` ENABLE KEYS */;
UNLOCK TABLES;

--
-- Table structure for table `permissions`
--

DROP TABLE IF EXISTS `permissions`;
/*!40101 SET @saved_cs_client     = @@character_set_client */;
/*!40101 SET character_set_client = utf8 */;
CREATE TABLE `permissions` (
  `id` int(10) unsigned NOT NULL AUTO_INCREMENT,
  `name` varchar(191) COLLATE utf8mb4_unicode_ci NOT NULL,
  `display_name` varchar(191) COLLATE utf8mb4_unicode_ci DEFAULT NULL,
  `description` varchar(191) COLLATE utf8mb4_unicode_ci DEFAULT NULL,
  `created_at` timestamp NULL DEFAULT NULL,
  `updated_at` timestamp NULL DEFAULT NULL,
  PRIMARY KEY (`id`),
  UNIQUE KEY `permissions_name_unique` (`name`)
) ENGINE=InnoDB AUTO_INCREMENT=12 DEFAULT CHARSET=utf8mb4 COLLATE=utf8mb4_unicode_ci;
/*!40101 SET character_set_client = @saved_cs_client */;

--
-- Dumping data for table `permissions`
--

LOCK TABLES `permissions` WRITE;
/*!40000 ALTER TABLE `permissions` DISABLE KEYS */;
INSERT INTO `permissions` VALUES (1,'user-create','User Create','Create New User',NULL,NULL),(2,'user-edit','User Edit','Edit User',NULL,NULL),(3,'user-delete','User Delete','Delete User',NULL,NULL),(4,'users','Users','Users Page',NULL,NULL),(5,'permissions','permissions','permissions',NULL,NULL),(6,'roles','Roles','Roles',NULL,NULL),(7,'filemanager','File Manager','File Manager',NULL,NULL),(8,'user-profile-view','Account Settings / User Profile','Display User Profile',NULL,NULL),(9,'modulebuilder_menu','CRUD / Menu','Display Menu of Module Builder',NULL,NULL),(10,'modulebuilder_modules','CRUD / Modules','Display All Modules of Module Builder',NULL,NULL),(11,'general-settings','General Settings','Display General Settings',NULL,NULL);
/*!40000 ALTER TABLE `permissions` ENABLE KEYS */;
UNLOCK TABLES;

--
-- Table structure for table `role_user`
--

DROP TABLE IF EXISTS `role_user`;
/*!40101 SET @saved_cs_client     = @@character_set_client */;
/*!40101 SET character_set_client = utf8 */;
CREATE TABLE `role_user` (
  `user_id` int(10) unsigned NOT NULL,
  `role_id` int(10) unsigned NOT NULL,
  PRIMARY KEY (`user_id`,`role_id`),
  KEY `role_user_role_id_foreign` (`role_id`),
  CONSTRAINT `role_user_role_id_foreign` FOREIGN KEY (`role_id`) REFERENCES `roles` (`id`) ON DELETE CASCADE ON UPDATE CASCADE,
  CONSTRAINT `role_user_user_id_foreign` FOREIGN KEY (`user_id`) REFERENCES `users` (`id`) ON DELETE CASCADE ON UPDATE CASCADE
) ENGINE=InnoDB DEFAULT CHARSET=utf8mb4 COLLATE=utf8mb4_unicode_ci;
/*!40101 SET character_set_client = @saved_cs_client */;

--
-- Dumping data for table `role_user`
--

LOCK TABLES `role_user` WRITE;
/*!40000 ALTER TABLE `role_user` DISABLE KEYS */;
INSERT INTO `role_user` VALUES (1,1);
/*!40000 ALTER TABLE `role_user` ENABLE KEYS */;
UNLOCK TABLES;

--
-- Table structure for table `roles`
--

DROP TABLE IF EXISTS `roles`;
/*!40101 SET @saved_cs_client     = @@character_set_client */;
/*!40101 SET character_set_client = utf8 */;
CREATE TABLE `roles` (
  `id` int(10) unsigned NOT NULL AUTO_INCREMENT,
  `name` varchar(191) COLLATE utf8mb4_unicode_ci NOT NULL,
  `display_name` varchar(191) COLLATE utf8mb4_unicode_ci DEFAULT NULL,
  `description` varchar(191) COLLATE utf8mb4_unicode_ci DEFAULT NULL,
  `created_at` timestamp NULL DEFAULT NULL,
  `updated_at` timestamp NULL DEFAULT NULL,
  PRIMARY KEY (`id`),
  UNIQUE KEY `roles_name_unique` (`name`)
) ENGINE=InnoDB AUTO_INCREMENT=3 DEFAULT CHARSET=utf8mb4 COLLATE=utf8mb4_unicode_ci;
/*!40101 SET character_set_client = @saved_cs_client */;

--
-- Dumping data for table `roles`
--

LOCK TABLES `roles` WRITE;
/*!40000 ALTER TABLE `roles` DISABLE KEYS */;
INSERT INTO `roles` VALUES (1,'Super-Admin','Super Admin','Super Admin',NULL,NULL),(2,'Admin','Admin Role','This is Admin Role',NULL,NULL);
/*!40000 ALTER TABLE `roles` ENABLE KEYS */;
UNLOCK TABLES;

--
-- Table structure for table `users`
--

DROP TABLE IF EXISTS `users`;
/*!40101 SET @saved_cs_client     = @@character_set_client */;
/*!40101 SET character_set_client = utf8 */;
CREATE TABLE `users` (
  `id` int(10) unsigned NOT NULL AUTO_INCREMENT,
  `name` varchar(191) COLLATE utf8mb4_unicode_ci NOT NULL,
  `email` varchar(191) COLLATE utf8mb4_unicode_ci NOT NULL,
  `password` varchar(60) COLLATE utf8mb4_unicode_ci NOT NULL,
  `image` varchar(150) COLLATE utf8mb4_unicode_ci NOT NULL,
  `remember_token` varchar(100) COLLATE utf8mb4_unicode_ci DEFAULT NULL,
  `created_at` timestamp NULL DEFAULT NULL,
  `updated_at` timestamp NULL DEFAULT NULL,
  PRIMARY KEY (`id`),
  UNIQUE KEY `users_email_unique` (`email`)
) ENGINE=InnoDB AUTO_INCREMENT=2 DEFAULT CHARSET=utf8mb4 COLLATE=utf8mb4_unicode_ci;
/*!40101 SET character_set_client = @saved_cs_client */;

--
-- Dumping data for table `users`
--

LOCK TABLES `users` WRITE;
/*!40000 ALTER TABLE `users` DISABLE KEYS */;
INSERT INTO `users` VALUES (1,'Ramy Ramadan','admin@admin.com','$2y$10$LjrZHtYSmYhkt3rTuDXZW.HjM7IZalMXUCZFC1hWjXTfPxh8oDf.6','img.jpg',NULL,'2019-08-13 10:32:41','2019-08-13 10:32:41');
/*!40000 ALTER TABLE `users` ENABLE KEYS */;
UNLOCK TABLES;
/*!40103 SET TIME_ZONE=@OLD_TIME_ZONE */;

/*!40101 SET SQL_MODE=@OLD_SQL_MODE */;
/*!40014 SET FOREIGN_KEY_CHECKS=@OLD_FOREIGN_KEY_CHECKS */;
/*!40014 SET UNIQUE_CHECKS=@OLD_UNIQUE_CHECKS */;
/*!40101 SET CHARACTER_SET_CLIENT=@OLD_CHARACTER_SET_CLIENT */;
/*!40101 SET CHARACTER_SET_RESULTS=@OLD_CHARACTER_SET_RESULTS */;
/*!40101 SET COLLATION_CONNECTION=@OLD_COLLATION_CONNECTION */;
/*!40111 SET SQL_NOTES=@OLD_SQL_NOTES */;

-- Dump completed on 2019-08-13 14:34:23
